# Every board (4 MB flash), one firmware: two 1.5 MB app slots (OTA) and
# 960 KB of SPIFFS for the files of boards without an SD card. Same nvs /
# otadata offsets as the older tables: settings survive the switch (flash it
# once over USB, from the app's install page).
# Name,   Type, SubType, Offset,   Size, Flags
nvs,      data, nvs,     0x9000,   0x5000,
otadata,  data, ota,     0xe000,   0x2000,
app0,     app,  ota_0,   0x10000,  0x180000,
app1,     app,  ota_1,   0x190000, 0x180000,
spiffs,   data, spiffs,  0x310000, 0xF0000,
